{
  "model_type": "logistic_regression",
  "version": "v1",
  "features": [
    "best_similarity",
    "source_count",
    "domain_has_company_token",
    "has_shared_infra",
    "has_dns_guess",
    "tld_is_country",
    "entity_name_in_org",
    "org_matches_different_entity",
    "evidence_density",
    "resolves",
    "domain_length"
  ],
  "scaler": {
    "mean": [
      0.5515466620761983,
      1.0820369724450645,
      0.0949424485524939,
      0.054551796302755494,
      0.023718172305545866,
      0.3753051970701081,
      0.05420299965120335,
      0.009626787582839205,
      35.37683692900766,
      0.2633414719218696,
      8.194279734914545
    ],
    "scale": [
      0.27577235102455916,
      0.2980607617203718,
      0.2931354294782747,
      0.22710327567619146,
      0.15216970989003717,
      0.4842016172239437,
      0.2264178316300132,
      0.09764278029464002,
      2130.680651125089,
      0.4404460705783624,
      5.545951812761245
    ]
  },
  "coefficients": {
    "best_similarity": 1.9218876962947562,
    "source_count": -0.05928704483222416,
    "domain_has_company_token": 0.04876475137379015,
    "has_shared_infra": -0.08158273487793737,
    "has_dns_guess": 0.025312791447276082,
    "tld_is_country": 0.2798219482283651,
    "entity_name_in_org": 0.5124264886377363,
    "org_matches_different_entity": 0.20437347433183442,
    "evidence_density": -0.011764041118354964,
    "resolves": 2.971122610431308,
    "domain_length": 0.30090627542855497
  },
  "intercept": -4.278503545158553,
  "threshold": 0.5,
  "regularization_C": 0.1,
  "training_date": "2026-03-01",
  "gray_zone": [
    0.8,
    0.95
  ],
  "metrics": {
    "lr_full_roc_auc": 0.9995,
    "lr_full_pr_auc": 0.9958,
    "lr_optimal_threshold": 0.9329,
    "lr_gray_zone_count": 136,
    "lr_gray_zone_precision_at_90": 0.878,
    "lr_gray_zone_recall_at_90": 1.0,
    "lr_gray_zone_f1_at_90": 0.9351,
    "lr_gray_zone_confusion_at_90": {
      "tp": 36,
      "fp": 5,
      "fn": 0,
      "tn": 95
    },
    "lr_gray_zone_precision_at_50": 0.878,
    "lr_gray_zone_recall_at_50": 1.0,
    "lr_gray_zone_f1_at_50": 0.9351,
    "lr_gray_zone_confusion_at_50": {
      "tp": 36,
      "fp": 5,
      "fn": 0,
      "tn": 95
    },
    "lr_gray_zone_optimal_threshold": 0.9587,
    "lr_gray_zone_optimal_f1": 0.973,
    "lr_gray_zone_optimal_precision": 0.9474,
    "lr_gray_zone_optimal_recall": 1.0,
    "lr_gray_zone_roc_auc": 0.9992,
    "lr_gray_zone_pr_auc": 0.9977,
    "lr_ece": 0.0072,
    "lr_calibrated_ece": 0.2182
  },
  "calibration": {
    "x": [
      0.0001951159308550846,
      0.03151046808402081,
      0.8807233394051235,
      0.9226169940429435,
      0.9237215550586243,
      0.9264029206681876,
      0.9329422426030421,
      0.9510496287720965,
      0.9517695597109658,
      0.9640478401982806,
      0.964364043983848,
      0.9753794118941607,
      0.975465355569783,
      0.97785516700374,
      0.9779326640255471,
      0.9973812426050602,
      0.9975009546093538,
      0.999822420988001
    ],
    "y": [
      0.0,
      0.0,
      0.5714285714285714,
      0.5714285714285714,
      0.6666666666666666,
      0.6666666666666666,
      0.8412698412698413,
      0.8412698412698413,
      0.9479166666666666,
      0.9479166666666666,
      0.9665271966527197,
      0.9665271966527197,
      0.9803921568627451,
      0.9803921568627451,
      0.9913793103448276,
      0.9913793103448276,
      1.0,
      1.0
    ]
  }
}