{
  "model_type": "logistic_regression",
  "version": "v1",
  "features": [
    "best_similarity",
    "source_count",
    "domain_has_company_token",
    "has_shared_infra",
    "has_dns_guess",
    "tld_is_country",
    "entity_name_in_org",
    "org_matches_different_entity",
    "evidence_density",
    "resolves",
    "domain_length"
  ],
  "scaler": {
    "mean": [
      0.5467714684739245,
      1.083327428611918,
      0.09445192375823709,
      0.05491390916176575,
      0.024870686601006164,
      0.36243180046765394,
      0.043789414015446754,
      0.01459647133848225,
      0.27261109851372667,
      0.25175370226032734,
      8.136044781407213
    ],
    "scale": [
      0.2724295110847387,
      0.30021685446938345,
      0.2924564204401451,
      0.22781214134088068,
      0.15573097170764685,
      0.4807026008640537,
      0.204626247670409,
      0.11993087326847392,
      0.502824912076709,
      0.4340204783859822,
      5.493635605891158
    ]
  },
  "coefficients": {
    "best_similarity": 0.708615415603987,
    "source_count": 0.09078968656215597,
    "domain_has_company_token": 0.2053725208203429,
    "has_shared_infra": 0.05776909420105108,
    "has_dns_guess": 0.07110370540746659,
    "tld_is_country": -0.01579700090558837,
    "entity_name_in_org": 0.1739263388357249,
    "org_matches_different_entity": 0.07379851680759017,
    "evidence_density": 0.6484432945449075,
    "resolves": 0.8142302574469845,
    "domain_length": 0.12735395661293983
  },
  "intercept": -1.9218263646163747,
  "threshold": 0.5,
  "regularization_C": 0.001,
  "training_date": "2026-02-28",
  "gray_zone": [
    0.8,
    0.95
  ],
  "metrics": {
    "lr_full_roc_auc": 0.9957,
    "lr_full_pr_auc": 0.9738,
    "lr_optimal_threshold": 0.5027,
    "lr_gray_zone_count": 233,
    "lr_gray_zone_precision_at_90": 1.0,
    "lr_gray_zone_recall_at_90": 0.323,
    "lr_gray_zone_f1_at_90": 0.4883,
    "lr_gray_zone_confusion_at_90": {
      "tp": 52,
      "fp": 0,
      "fn": 109,
      "tn": 72
    },
    "lr_gray_zone_precision_at_50": 0.9877,
    "lr_gray_zone_recall_at_50": 1.0,
    "lr_gray_zone_f1_at_50": 0.9938,
    "lr_gray_zone_confusion_at_50": {
      "tp": 161,
      "fp": 2,
      "fn": 0,
      "tn": 70
    },
    "lr_gray_zone_optimal_threshold": 0.7556,
    "lr_gray_zone_optimal_f1": 0.9969,
    "lr_gray_zone_optimal_precision": 1.0,
    "lr_gray_zone_optimal_recall": 0.9938,
    "lr_gray_zone_roc_auc": 0.9998,
    "lr_gray_zone_pr_auc": 0.9999,
    "lr_ece": 0.1865,
    "lr_calibrated_ece": 0.3106
  },
  "calibration": {
    "x": [
      0.023272259590293227,
      0.49110424965232163,
      0.5155570393070309,
      0.794431723648782,
      0.7966279483818959,
      0.96963169004726,
      0.9703069300255114,
      0.9994506987387034
    ],
    "y": [
      0.0,
      0.0,
      0.9836065573770492,
      0.9836065573770492,
      0.9896193771626297,
      0.9896193771626297,
      1.0,
      1.0
    ]
  }
}