{
  "model_type": "logistic_regression",
  "version": "v1",
  "features": [
    "best_similarity",
    "source_count",
    "domain_has_company_token",
    "has_shared_infra",
    "has_dns_guess",
    "tld_is_country",
    "entity_name_in_org",
    "org_matches_different_entity"
  ],
  "scaler": {
    "mean": [
      0.5467714684739245,
      1.083327428611918,
      0.09445192375823709,
      0.05491390916176575,
      0.024870686601006164,
      0.36243180046765394,
      0.043789414015446754,
      0.01459647133848225
    ],
    "scale": [
      0.2724295110847387,
      0.30021685446938345,
      0.2924564204401451,
      0.22781214134088068,
      0.15573097170764685,
      0.4807026008640537,
      0.204626247670409,
      0.11993087326847392
    ]
  },
  "coefficients": {
    "best_similarity": 13.797715715482319,
    "source_count": 0.4972773238371719,
    "domain_has_company_token": 0.1937247663575411,
    "has_shared_infra": -0.6339086019789619,
    "has_dns_guess": -0.3158239838655791,
    "tld_is_country": 0.15730583095974562,
    "entity_name_in_org": 1.4323336226791605,
    "org_matches_different_entity": 0.13101219873613726
  },
  "intercept": -18.367149281234433,
  "threshold": 0.5,
  "regularization_C": 5.0,
  "training_date": "2026-02-27",
  "gray_zone": [
    0.8,
    0.95
  ],
  "metrics": {
    "lr_full_roc_auc": 0.9973,
    "lr_full_pr_auc": 0.9878,
    "lr_optimal_threshold": 0.1149,
    "lr_gray_zone_count": 233,
    "lr_gray_zone_precision_at_90": 1.0,
    "lr_gray_zone_recall_at_90": 0.7205,
    "lr_gray_zone_f1_at_90": 0.8375,
    "lr_gray_zone_confusion_at_90": {
      "tp": 116,
      "fp": 0,
      "fn": 45,
      "tn": 72
    },
    "lr_gray_zone_precision_at_50": 0.9508,
    "lr_gray_zone_recall_at_50": 0.7205,
    "lr_gray_zone_f1_at_50": 0.8198,
    "lr_gray_zone_confusion_at_50": {
      "tp": 116,
      "fp": 6,
      "fn": 45,
      "tn": 66
    },
    "lr_gray_zone_optimal_threshold": 0.3882,
    "lr_gray_zone_optimal_f1": 0.943,
    "lr_gray_zone_optimal_precision": 0.9613,
    "lr_gray_zone_optimal_recall": 0.9255,
    "lr_gray_zone_roc_auc": 0.9478,
    "lr_gray_zone_pr_auc": 0.9777,
    "lr_ece": 0.3779,
    "lr_calibrated_ece": 0.2548
  },
  "calibration": {
    "x": [
      2.5406416795502894e-14,
      0.2858506818183398,
      0.3570064129172257,
      0.46805495814566067,
      0.4825523573543219,
      0.9755238467684144,
      0.9776309336393594,
      0.9883399560940404,
      0.9887526429167758,
      0.9999985839303913
    ],
    "y": [
      0.0,
      0.0,
      0.125,
      0.125,
      0.9766081871345029,
      0.9766081871345029,
      0.9863481228668942,
      0.9863481228668942,
      1.0,
      1.0
    ]
  }
}